Substitution,Proportion_of_mutations,CI_lower,CI_upper
CA,0.02848575712143928,0.022051355087388688,0.03672715389805933
CG,0.0034982508745627187,0.0016955617643665821,0.007203694915063853
CT,0.392303848075962,0.37113596505082186,0.41388445751024233
TA,0.013993003498250875,0.009698860336369282,0.020149682311588542
TC,0.20089955022488756,0.18392425768393786,0.2190210922130316
TG,0.02048975512243878,0.015139487812191139,0.02767766043533125
GT,0.1024487756121939,0.0899147918829816,0.11650630392827849
GC,0.02148925537231384,0.015992678617567535,0.028819639722195558
GA,0.09095452273863068,0.07912697564572585,0.10434966410476615
AC,0.02448775612193903,0.01857222589508185,0.03222560272140336
AG,0.08095952023988005,0.06979514476066795,0.09372979406741701
AT,0.01999000499750125,0.014714269883219723,0.02710529331818232
