Substitution,Proportion_of_mutations,CI_lower,CI_upper
CA,0.15308195981034092,0.14277854410985238,0.16398666942721604
CG,0.025287875366899977,0.021059217425561477,0.03033932566697763
CT,0.48611424700835404,0.4714127271809646,0.5008398342459991
TA,0.06638067283811244,0.05941823421826504,0.07409467993594251
TC,0.20478663355159177,0.1931599592929161,0.21692498486570216
TG,0.06434861142470083,0.05749289812394668,0.07195941526347506
