Substitution,Proportion_of_mutations,CI_lower,CI_upper
CA,0.15315111813869436,0.14284342414419554,0.1640602575401147
CG,0.025299299751524736,0.021068750134684563,0.030352993310172507
CT,0.4856562005873052,0.47095214354322346,0.5003851301701947
TA,0.06641066184775243,0.05944517201034906,0.07412800740549828
TC,0.20510503727128981,0.19346867433634726,0.21725275610251113
TG,0.06437768240343347,0.05751896137342295,0.07199178439550727
