Substitution,Proportion_of_mutations,CI_lower,CI_upper
CA,0.15311653116531165,0.14281097675624196,0.16402345523248252
CG,0.025293586269196026,0.021063982701579553,0.03034615794965672
CT,0.48509485094850946,0.4703934212834102,0.4998221207161051
TA,0.06639566395663957,0.059431700061687784,0.07411133992421785
TC,0.20573622402890696,0.19408706367201226,0.217895530651756
TG,0.06436314363143632,0.05750592679536852,0.07197559619047104
