Substitution,Proportion_of_mutations,CI_lower,CI_upper
AA>CC,0.0,0,0
AA>CG,0.0,0,0
AA>CT,0.02127659574468085,0.003765671010464998,0.11113236524331144
AA>GC,0.0,0,0
AA>GG,0.02127659574468085,0.003765671010464998,0.11113236524331144
AA>GT,0.0,0,0
AA>TC,0.0,0,0
AA>TG,0.0,0,0
AA>TT,0.06382978723404255,0.021944987020772803,0.17162877934377904
AC>CA,0.02127659574468085,0.003765671010464998,0.11113236524331144
AC>CG,0.0,0,0
AC>CT,0.0,0,0
AC>GA,0.0,0,0
AC>GG,0.0,0,0
AC>GT,0.0,0,0
AC>TA,0.02127659574468085,0.003765671010464998,0.11113236524331144
AC>TG,0.0,0,0
AC>TT,0.0,0,0
AG>CA,0.0,0,0
AG>CC,0.0,0,0
AG>CT,0.0,0,0
AG>GA,0.02127659574468085,0.003765671010464998,0.11113236524331144
AG>GC,0.0,0,0
AG>GT,0.0,0,0
AG>TA,0.0,0,0
AG>TC,0.0,0,0
AG>TT,0.10638297872340426,0.0463040995551994,0.22594539692012788
AT>CA,0.0,0,0
AT>CC,0.0,0,0
AT>CG,0.0,0,0
AT>GA,0.0,0,0
AT>GC,0.0,0,0
AT>TA,0.3829787234042553,0.2579048266351308,0.5257369155602367
CA>AC,0.0,0,0
CA>AG,0.0,0,0
CA>AT,0.0,0,0
CA>GC,0.0,0,0
CA>GG,0.0,0,0
CA>GT,0.0,0,0
CA>TC,0.0,0,0
CA>TG,0.02127659574468085,0.003765671010464998,0.11113236524331144
CA>TT,0.0,0,0
CC>AA,0.02127659574468085,0.003765671010464998,0.11113236524331144
CC>AG,0.0,0,0
CC>AT,0.0,0,0
CC>GA,0.0,0,0
CC>GG,0.0,0,0
CC>GT,0.0,0,0
CC>TA,0.0,0,0
CC>TG,0.0,0,0
CC>TT,0.02127659574468085,0.003765671010464998,0.11113236524331144
CG>AA,0.0,0,0
CG>AC,0.0,0,0
CG>AT,0.0,0,0
CG>GA,0.0,0,0
CG>GC,0.0,0,0
CG>TA,0.02127659574468085,0.003765671010464998,0.11113236524331144
GA>AC,0.02127659574468085,0.003765671010464998,0.11113236524331144
GA>AG,0.0,0,0
GA>AT,0.0,0,0
GA>CC,0.0,0,0
GA>CG,0.0,0,0
GA>CT,0.0,0,0
GA>TC,0.06382978723404255,0.021944987020772803,0.17162877934377904
GA>TG,0.0,0,0
GA>TT,0.0425531914893617,0.011748029370569716,0.14248787193859444
GC>AA,0.0,0,0
GC>AG,0.02127659574468085,0.003765671010464998,0.11113236524331144
GC>AT,0.0,0,0
GC>CA,0.0425531914893617,0.011748029370569716,0.14248787193859444
GC>CG,0.0,0,0
GC>TA,0.0,0,0
TA>AC,0.0,0,0
TA>AG,0.0,0,0
TA>AT,0.0425531914893617,0.011748029370569716,0.14248787193859444
TA>CC,0.02127659574468085,0.003765671010464998,0.11113236524331144
TA>CG,0.0,0,0
TA>GC,0.0,0,0
