Substitution,Proportion_of_mutations,CI_lower,CI_upper
CA,0.1530474040632054,0.14274612619498012,0.16394990011322177
CG,0.02528216704288939,0.021054454305166642,0.030332496460056906
CT,0.48577878103837474,0.47107948589239973,0.500502719480025
TA,0.06636568848758465,0.0594047744759313,0.07407802743562099
TC,0.2051918735891648,0.19355742381818183,0.21733718279112965
TG,0.06433408577878104,0.05747987535514323,0.07194324160961259
