Substitution,Proportion_of_mutations,CI_lower,CI_upper
AA>CC,0.0,0,0
AA>CG,0.0,0,0
AA>CT,0.0,0,0
AA>GC,0.0,0,0
AA>GG,0.07692307692307693,0.013710066379696304,0.3331453392824736
AA>GT,0.0,0,0
AA>TC,0.0,0,0
AA>TG,0.0,0,0
AA>TT,0.0,0,0
AC>CA,0.0,0,0
AC>CG,0.0,0,0
AC>CT,0.0,0,0
AC>GA,0.0,0,0
AC>GG,0.07692307692307693,0.013710066379696304,0.3331453392824736
AC>GT,0.0,0,0
AC>TA,0.0,0,0
AC>TG,0.0,0,0
AC>TT,0.0,0,0
AG>CA,0.0,0,0
AG>CC,0.0,0,0
AG>CT,0.0,0,0
AG>GA,0.15384615384615385,0.04325726318273798,0.4223517050863101
AG>GC,0.0,0,0
AG>GT,0.0,0,0
AG>TA,0.0,0,0
AG>TC,0.0,0,0
AG>TT,0.0,0,0
AT>CA,0.0,0,0
AT>CC,0.0,0,0
AT>CG,0.0,0,0
AT>GA,0.0,0,0
AT>GC,0.0,0,0
AT>TA,0.0,0,0
CA>AC,0.0,0,0
CA>AG,0.0,0,0
CA>AT,0.0,0,0
CA>GC,0.0,0,0
CA>GG,0.0,0,0
CA>GT,0.0,0,0
CA>TC,0.0,0,0
CA>TG,0.0,0,0
CA>TT,0.07692307692307693,0.013710066379696304,0.3331453392824736
CC>AA,0.07692307692307693,0.013710066379696304,0.3331453392824736
CC>AG,0.0,0,0
CC>AT,0.0,0,0
CC>GA,0.0,0,0
CC>GG,0.0,0,0
CC>GT,0.0,0,0
CC>TA,0.0,0,0
CC>TG,0.0,0,0
CC>TT,0.3076923076923077,0.1268049716161809,0.5763111218666236
CG>AA,0.0,0,0
CG>AC,0.0,0,0
CG>AT,0.0,0,0
CG>GA,0.0,0,0
CG>GC,0.0,0,0
CG>TA,0.0,0,0
GA>AC,0.0,0,0
GA>AG,0.07692307692307693,0.013710066379696304,0.3331453392824736
GA>AT,0.0,0,0
GA>CC,0.0,0,0
GA>CG,0.0,0,0
GA>CT,0.0,0,0
GA>TC,0.0,0,0
GA>TG,0.0,0,0
GA>TT,0.0,0,0
GC>AA,0.07692307692307693,0.013710066379696304,0.3331453392824736
GC>AG,0.07692307692307693,0.013710066379696304,0.3331453392824736
GC>AT,0.0,0,0
GC>CA,0.0,0,0
GC>CG,0.0,0,0
GC>TA,0.0,0,0
TA>AC,0.0,0,0
TA>AG,0.0,0,0
TA>AT,0.0,0,0
TA>CC,0.0,0,0
TA>CG,0.0,0,0
TA>GC,0.0,0,0
