Substitution,Proportion_of_mutations,CI_lower,CI_upper
CA,0.1528906955736224,0.14259173778226056,0.1637914145397899
CG,0.025293586269196026,0.021063982701579553,0.03034615794965672
CT,0.485546522131888,0.47084431070935845,0.5002737906235049
TA,0.06639566395663957,0.059431700061687784,0.07411133992421785
TC,0.20528455284552846,0.19364546497479118,0.21743457001562902
TG,0.06458897922312556,0.05771980211057843,0.07221300054193514
