Substitution,Proportion_of_mutations,CI_lower,CI_upper
CA,0.15301286391333785,0.14271372300158763,0.16391314727941633
CG,0.02527646129541864,0.02104969333893268,0.03032567032681809
CT,0.4861205145565335,0.4714222968481378,0.5008427779631025
TA,0.06635071090047394,0.05939132083054086,0.07406138241820655
TC,0.20491988264500113,0.19329279366403898,0.21705818707899366
TG,0.06431956668923494,0.05746685848494756,0.07192707522398133
