Substitution,Proportion_of_mutations,CI_lower,CI_upper
CA,0.15315111813869436,0.14284342414419554,0.1640602575401147
CG,0.025299299751524736,0.021068750134684563,0.030352993310172507
CT,0.4861079737971538,0.47140314962839425,0.5008368871176723
TA,0.0661847752428281,0.05923105019812254,0.07389074770140067
TC,0.20487915066636547,0.19324783876135623,0.217022210161178
TG,0.06437768240343347,0.05751896137342295,0.07199178439550727
