Substitution,Proportion_of_mutations,CI_lower,CI_upper
CA,0.15308195981034092,0.14277854410985238,0.16398666942721604
CG,0.025287875366899977,0.021059217425561477,0.03033932566697763
CT,0.4863400316098442,0.47163813311223873,0.5010656061777011
TA,0.06615488823662226,0.05920420962654243,0.0738575266646889
TC,0.20478663355159177,0.1931599592929161,0.21692498486570216
TG,0.06434861142470083,0.05749289812394668,0.07195941526347506
