Substitution,Proportion_of_mutations,CI_lower,CI_upper
CA,0.028414755732801594,0.02199623373993412,0.03663604852549415
CG,0.003489531405782652,0.0016913330520173552,0.007185784428285569
CT,0.3938185443668993,0.3726593882974405,0.4153836097179254
TA,0.013958125623130608,0.00967464282764567,0.020099643862409904
TC,0.19940179461615154,0.18249875642480495,0.21745395626658323
TG,0.02243270189431705,0.016807240483312162,0.029883802233686037
GT,0.10269192422731804,0.0901583077946476,0.11674436553045421
GC,0.02143569292123629,0.015952721513051698,0.02874811461254148
GA,0.09222333000997009,0.08032892176864836,0.1056765823467008
AC,0.023928215353938187,0.01809503912442827,0.03158131347967744
AG,0.07826520438683948,0.06730111739535279,0.09084149444032619
AT,0.019940179461615155,0.014677510992072556,0.027038015246413104
