Substitution,Proportion_of_mutations,CI_lower,CI_upper
CA,0.15295978309986444,0.1426565473119791,0.16386493192104812
CG,0.025305015815634886,0.021073519726341517,0.030359831750605203
CT,0.48553999096249434,0.47083447506071957,0.5002705865739898
TA,0.06642566651604158,0.059458650068402105,0.07414468238483958
TC,0.20515137821961138,0.19351269454980402,0.2173014528454437
TG,0.06461816538635337,0.057745974343247894,0.07224549081433246
