Substitution,Proportion_of_mutations,CI_lower,CI_upper
CA,0.15263394867176946,0.14235825663030616,0.16350995064005627
CG,0.025213867627194957,0.020997464468060792,0.030250785132194872
CT,0.4864925709140027,0.47181191207651585,0.5011965729761231
TA,0.06618640252138676,0.059243731947572785,0.07387877965967835
TC,0.20531292210715893,0.19369114891795983,0.2174439666471111
TG,0.06416028815848716,0.05732406107750778,0.07174972328763918
